1,100038233,4,1,3,2,4,3,2,4,3,3,3,3,2,2,4,3,2,2,3,2,2,2,2,3,3,3,1,3,4,3,3,2,4,3,2,1,3,2,1,3,2,3,2,2,1,3,3,1,1,4,2,3,1,3,3,1,4,3,3,4,1,1,1,2,4,3,1,2,2,2,1,3,3,3,3,1,1,3,1,1,3,1,1,3,1,1,1,2,3,3,3,2,2,3,2,3,1,1,2,2,3,2,1,3,4,1,4,2,1,4,3,2,4,3,3,2,2,1,1,3,1,1,3,1,4,2,1,4
2,163734926,4,1,4,4,4,1,3,1,4,3,2,1,1,1,3,3,1,1,3,4,1,1,1,4,4,2,2,1,1,1,1,2,4,3,1,2,1,4,1,2,2,1,4,1,1,1,2,1,2,4,3,3,4,3,2,4,1,2,4,3,1,4,2,2,4,4,4,2,4,4,3,2,4,3,3,2,1,3,2,1,2,1,1,1,1,1,3,2,4,3,1,1,4,4,3,3,1,4,4,4,2,4,2,1,2,1,1,3,2,1,3,3,1,1,4,4,2,2,1,1,1,3,3,4,4,3,2,4
3,12796721,3,3,3,1,3,3,3,3,3,2,3,2,2,2,3,2,3,2,2,3,2,2,1,4,1,4,4,2,2,2,4,2,2,2,3,2,2,3,3,2,2,3,3,2,4,2,2,3,2,3,3,2,3,2,3,2,1,3,2,2,1,2,2,4,4,3,1,3,2,1,2,2,3,2,2,3,2,2,4,4,2,2,1,2,1,4,2,4,2,2,1,3,2,2,4,2,2,4,3,3,1,3,1,1,3,1,4,3,1,2,3,4,2,2,1,3,2,3,1,2,1,1,3,3,1,2,4,4
4,1793936,3,3,2,2,3,4,3,3,3,3,3,3,2,1,3,2,1,4,3,2,2,2,3,2,3,2,3,2,3,2,4,3,2,2,4,3,1,3,3,1,2,3,2,2,3,2,3,3,2,2,2,2,2,3,2,2,2,2,2,3,2,2,1,3,3,3,3,2,3,2,2,2,2,4,3,2,2,4,3,2,3,2,2,2,4,2,3,2,3,2,4,2,4,3,2,3,4,3,3,2,2,3,4,3,3,2,2,1,4,2,3,4,3,3,2,2,3,3,2,3,2,2,4,2,2,4,2,3
5,141421228,4,1,2,1,4,1,1,3,2,2,3,1,4,4,2,1,2,1,1,2,2,1,1,2,2,1,3,2,4,2,3,1,3,1,1,1,2,2,3,2,3,3,1,1,4,1,4,2,3,3,2,4,4,1,3,1,3,2,2,4,3,2,2,3,4,3,3,2,3,1,1,4,2,3,3,2,4,1,2,1,3,2,3,2,3,3,3,3,1,2,2,3,2,1,3,4,2,3,3,2,4,3,2,4,3,2,4,3,2,4,3,2,4,3,4,3,2,1,4,4,4,4,2,2,4,3,3,3
6,138776122,4,4,3,2,4,3,4,1,4,4,2,2,4,4,1,4,4,4,1,3,3,4,2,4,4,1,1,3,1,1,3,2,4,3,3,2,2,3,4,3,3,4,3,2,1,1,4,1,1,3,3,1,1,2,4,4,1,1,1,1,2,1,1,2,3,3,1,1,3,1,3,2,3,3,1,1,1,3,4,3,1,1,3,1,3,3,1,3,3,1,3,4,2,2,4,1,1,3,4,2,4,4,4,4,1,3,4,3,2,2,2,1,2,4,3,4,1,2,4,2,1,3,3,4,4,3,4,2
7,130346488,4,2,2,4,3,1,3,3,2,2,4,3,3,3,2,2,1,4,3,3,4,3,2,2,2,1,1,3,3,1,1,1,3,2,2,2,2,4,3,1,1,3,2,4,2,1,2,2,1,3,3,1,3,3,1,1,3,1,1,3,2,1,4,1,2,1,3,3,3,2,1,2,2,2,2,4,3,3,1,3,3,2,3,3,3,1,2,3,2,3,2,2,2,4,3,3,3,2,2,1,4,2,2,2,2,2,3,4,3,3,1,2,1,3,3,2,3,3,1,2,1,2,4,2,2,4,3,3
8,144012516,2,2,2,4,3,3,3,2,1,3,2,2,4,2,2,1,3,3,4,3,2,1,3,4,3,2,2,2,4,2,2,2,3,4,3,3,3,2,2,3,2,1,2,2,2,4,4,3,2,2,1,2,4,3,2,2,2,2,1,3,3,3,2,4,4,3,4,2,4,2,4,1,2,4,2,1,2,2,1,1,4,4,1,4,3,1,1,3,3,3,2,4,4,2,3,3,2,1,4,2,1,3,1,4,1,3,1,3,1,3,3,2,4,3,3,4,3,2,3,3,3,1,1,1,1,4,3,1
9,111661636,3,3,2,4,3,3,2,3,3,2,4,2,2,4,2,2,2,2,3,2,2,2,3,3,2,2,3,3,3,2,2,2,1,3,2,1,3,2,2,2,2,4,1,3,3,1,3,2,2,2,1,3,2,3,2,2,3,2,2,3,2,2,1,2,3,4,2,2,4,2,2,3,3,3,3,2,4,1,3,2,3,2,3,1,3,2,3,2,2,2,4,3,2,1,3,2,3,2,4,4,3,3,4,1,3,1,3,2,1,3,2,4,2,1,1,3,4,4,3,3,1,3,3,2,4,3,3,2
10,126905520,4,3,3,1,1,1,1,4,3,3,2,3,3,2,2,4,1,3,1,2,3,2,3,3,1,3,4,4,4,2,2,4,3,2,2,2,3,1,2,2,2,3,2,3,3,2,3,3,2,4,2,2,3,3,2,3,3,2,3,2,2,1,4,1,1,2,3,2,3,2,4,3,3,3,4,3,2,2,2,1,2,2,1,1,3,2,3,2,3,1,3,3,1,3,1,1,3,4,1,2,3,3,2,3,4,3,3,3,4,3,1,3,2,1,3,2,3,2,2,3,2,2,3,2,2,3,2,2
11,76795618,3,3,4,3,3,2,4,4,4,1,3,1,2,2,1,4,2,4,3,3,4,3,2,1,4,4,2,1,4,4,2,2,4,2,1,2,2,4,3,4,3,3,2,4,2,4,2,4,4,4,2,4,1,3,2,2,2,2,2,1,2,2,1,3,3,2,2,3,4,3,3,2,2,2,2,4,3,2,4,3,2,4,3,2,4,3,2,4,3,3,2,2,3,4,3,1,3,4,3,3,3,3,2,2,2,1,3,1,2,1,1,2,2,2,3,3,2,2,1,4,3,2,4,4,2,2,2,2
12,52233299,2,3,1,3,3,4,2,1,3,2,3,1,3,4,3,2,3,2,3,2,4,2,2,4,2,2,4,2,3,2,2,2,3,2,2,3,2,4,1,3,3,4,2,2,1,4,2,2,2,3,3,2,2,2,1,3,2,2,1,2,2,1,4,1,4,2,2,1,4,2,2,1,2,4,4,2,1,3,2,4,2,2,2,2,3,3,4,1,4,4,2,1,2,2,4,2,3,2,3,2,4,2,1,3,2,2,3,2,2,4,4,2,4,2,3,3,3,2,2,3,2,3,3,2,3,2,2,2
13,78659120,1,3,2,1,1,1,4,3,4,3,3,2,1,2,3,4,3,1,4,3,3,3,2,1,3,1,3,4,3,1,3,2,3,1,2,1,1,4,3,4,1,1,2,1,4,4,2,4,3,2,1,2,3,3,4,2,4,3,1,3,2,2,1,1,3,3,2,1,3,2,3,4,4,2,1,3,1,1,4,2,2,2,3,2,2,1,1,2,1,2,3,3,1,1,3,4,2,2,2,3,2,2,3,1,2,2,4,1,2,2,3,2,4,1,2,4,2,4,4,2,3,2,2,1,1,3,1,2
14,64468397,1,2,1,1,1,1,3,3,2,4,3,2,4,1,1,3,3,1,1,3,1,3,1,3,1,1,4,1,2,1,3,4,4,4,4,2,4,1,3,1,3,1,1,4,1,1,3,1,3,4,3,2,1,3,4,3,4,1,1,1,1,1,4,4,3,1,1,1,2,2,1,2,1,1,4,4,4,2,1,3,1,1,1,4,4,2,1,4,3,4,1,3,1,1,1,1,2,1,1,3,3,1,4,3,1,3,1,1,3,1,3,1,4,2,1,3,2,1,3,1,1,3,3,4,1,3,4,2
15,69360083,3,1,3,4,3,1,3,3,2,2,4,3,3,4,1,1,2,1,3,3,3,1,3,3,2,3,2,4,3,4,2,1,2,2,4,1,2,4,3,3,2,2,4,4,3,2,2,1,1,4,2,2,1,3,2,4,2,2,1,1,3,1,4,1,2,4,3,1,3,2,2,4,3,1,1,3,2,4,2,2,2,2,1,3,3,2,4,3,4,4,4,1,3,2,1,4,1,3,1,2,2,1,3,1,4,1,2,2,2,2,1,3,3,4,1,4,3,4,3,2,4,2,4,1,4,4,3,1
16,28878674,2,2,2,1,2,3,1,3,4,3,3,3,1,1,2,2,2,2,2,4,3,3,1,1,3,3,1,1,2,1,2,1,2,2,3,3,2,2,2,2,3,3,2,2,2,2,2,1,3,3,1,1,3,3,3,1,3,2,1,2,1,1,4,4,3,1,3,3,2,2,3,2,4,2,1,4,3,2,4,1,1,1,1,2,2,1,2,3,3,1,3,3,1,1,4,3,4,4,4,3,3,2,2,4,1,4,4,4,4,3,3,3,3,4,3,1,3,4,3,1,3,1,2,2,1,2,3,3
17,67717950,4,2,3,2,3,1,3,1,3,1,1,1,3,2,3,2,3,1,3,3,2,2,4,3,2,2,3,3,3,1,3,4,3,1,3,2,3,2,3,3,2,2,3,4,1,2,4,4,1,3,3,4,4,4,3,2,4,2,1,1,1,1,4,2,3,2,1,3,2,3,2,4,3,3,1,3,3,1,1,3,1,1,4,4,2,1,2,3,4,4,3,4,2,4,4,2,3,3,4,1,3,4,2,2,4,3,1,3,2,3,2,2,3,3,3,2,2,4,3,1,1,3,3,1,2,4,2,2
18,46072186,3,2,2,2,2,3,2,3,1,4,2,2,3,2,4,3,4,2,3,3,2,2,2,2,1,2,3,1,2,4,4,1,2,2,2,1,1,1,1,3,4,4,4,2,2,2,4,4,3,1,1,2,1,3,4,3,1,3,2,3,2,3,4,1,1,4,2,3,2,1,3,2,3,2,3,1,3,4,3,3,3,3,3,2,3,2,3,3,1,3,3,1,3,1,3,2,2,3,3,3,2,2,3,2,1,3,3,4,1,3,2,1,2,1,3,1,3,2,3,3,3,3,1,3,3,2,2,4
19,55370309,4,3,3,3,4,2,2,2,4,2,4,2,2,4,2,2,2,4,3,2,2,4,2,2,2,4,3,4,2,2,2,2,4,2,2,1,2,2,2,4,2,2,2,2,1,4,3,1,1,2,2,1,1,2,4,4,1,2,1,3,4,4,2,3,4,3,4,2,2,2,2,1,2,1,3,3,3,2,2,1,3,3,3,3,4,4,2,2,2,2,1,3,3,3,2,1,3,3,3,3,3,2,1,3,3,3,1,3,2,2,3,3,3,3,3,2,2,4,4,4,1,1,2,2,2,4,4,2
20,31390482,4,4,1,2,2,4,3,1,4,1,4,2,1,2,4,3,3,4,4,2,4,4,2,4,1,4,3,3,2,2,1,3,1,1,3,3,1,4,3,3,2,1,1,3,1,1,1,2,1,3,3,4,1,1,1,3,1,1,3,4,4,4,2,3,4,3,3,2,4,3,3,2,1,3,1,2,2,4,3,1,3,1,3,3,1,3,3,1,3,3,4,3,3,2,4,3,1,3,2,4,3,2,1,3,3,3,3,1,1,3,3,1,1,1,4,1,3,3,3,4,4,2,2,2,4,3,2,1
21,29073590,4,4,1,2,4,4,4,2,3,2,4,2,2,2,4,2,2,4,4,3,1,3,2,1,4,2,4,3,3,3,2,1,1,1,3,2,2,2,3,3,1,3,2,2,4,4,3,3,3,1,1,2,3,4,3,1,1,3,2,3,2,2,1,1,3,3,2,2,1,3,2,2,4,3,2,1,3,3,1,1,3,2,1,3,4,4,2,1,2,3,2,3,1,2,2,3,2,4,2,3,3,1,1,3,1,2,2,3,2,3,3,1,3,3,1,1,3,2,3,1,3,3,1,3,2,1,2,3
22,22686769,1,3,1,3,1,3,3,2,2,4,3,3,3,3,1,3,2,2,4,1,3,2,4,3,4,3,2,4,3,4,3,3,3,4,2,2,1,3,3,1,3,3,2,1,3,1,1,2,4,2,4,3,3,3,4,3,4,2,4,2,1,2,2,2,4,3,3,2,2,4,3,3,1,4,2,2,2,4,2,4,1,2,4,4,2,4,2,2,2,2,2,4,2,2,4,2,1,2,4,2,4,2,4,3,2,1,2,1,3,3,4,3,2,4,3,4,2,2,2,2,1,3,3,2,2,2,4,3
X,73079386,1,2,4,4,2,4,2,3,4,1,2,1,3,2,1,4,4,3,2,2,4,2,3,3,4,2,1,2,2,4,2,1,3,3,3,4,3,2,1,3,3,4,2,3,2,2,2,1,2,3,4,1,2,1,3,3,3,1,3,3,2,2,1,1,2,4,3,1,1,1,1,4,2,4,3,3,3,4,4,2,2,2,2,4,2,1,2,1,3,4,2,1,2,2,3,1,3,3,3,4,2,4,2,1,4,2,2,3,2,1,4,2,4,3,2,1,4,2,2,3,2,3,3,2,3,3,2,2
Y,6246269,2,2,4,3,3,3,4,3,2,3,3,2,2,2,2,2,2,3,3,2,4,2,4,4,2,3,2,3,2,3,2,1,3,4,2,2,2,4,4,1,3,3,3,3,3,2,3,2,2,4,3,3,1,1,3,2,2,2,3,3,2,3,2,4,4,3,2,3,2,2,2,4,3,1,3,3,3,2,4,2,3,2,4,3,1,2,2,4,1,2,2,3,3,3,4,3,2,2,1,3,1,3,1,3,3,2,4,3,2,3,3,2,1,3,3,3,4,4,2,2,4,3,4,3,3,2,3,4
